metric,sex,2021,2024
Account Ownership (%),M,77.1491388193684,88.2323059032665
Account Ownership (%),F,77.4659302600904,89.0858038923739
Mobile Money Account (%),M,15.4072060448714,31.8183088592974
Mobile Money Account (%),F,5.11589591473137,14.2309392993703
Borrowed Any (%),M,,36.2031657730543
Borrowed Any (%),F,,18.9839106502805
Digital G2P (%),M,9.11745929461928,17.8132352101602
Digital G2P (%),F,11.5014052602285,23.408331214046
